Country/Area,Purpose_of_visit_to_Japan,Year,Visitor Arrivals,Growth Rate(%)
China,Tourism,1990,,
China,Tourism,1991,,
China,Tourism,1992,"29,147",
China,Tourism,1993,"26,454",-9.239372834
China,Tourism,1994,"24,550",-7.197399259
China,Tourism,1995,"25,489",3.824847251
China,Tourism,1996,"29,291",14.916238377
China,Tourism,1997,"33,431",14.134034345
China,Tourism,1998,"35,616",6.535849960
China,Tourism,1999,"37,153",4.315476190
China,Tourism,2000,"45,270",21.847495492
China,Tourism,2001,"72,118",59.306383919
China,Tourism,2002,"101,299",40.462852547
China,Tourism,2003,"95,991",-5.239933267
China,Tourism,2004,"189,692",97.614359680
China,Tourism,2005,"201,940",6.456782574
China,Tourism,2006,"297,025",47.085768050
China,Tourism,2007,"407,286",37.121791095
China,Tourism,2008,"455,728",11.893853459
China,Tourism,2009,"481,696",5.698135730
China,Tourism,2010,"831,652",72.650800505
China,Tourism,2011,"453,182",-45.508217379
China,Tourism,2012,"829,206",82.974169318
China,Tourism,2013,"704,737",-15.010624622
China,Tourism,2014,"1,753,572",148.826441637
China,Tourism,2015,"4,237,920",141.673566868
China,Tourism,2016,"5,535,125",30.609473515
China,Tourism,2017,"6,447,740",16.487703530
China,Tourism,2018,"7,426,173",15.174820945
China,Tourism,2019,"8,575,500",15.476706508
China,Tourism,2020,"865,156",-89.911305463
China,Tourism,2021,"3,851",-99.554877964
China,Tourism,2022,"42,852","1,012.749935082"
China,Tourism,2023,"51,395",
China,Others,1990,,
China,Others,1991,,
China,Others,1992,"81,675",
China,Others,1993,"86,376",5.755739210
China,Others,1994,"91,197",5.581411503
China,Others,1995,"99,910",9.554042348
China,Others,1996,"112,376",12.477229507
China,Others,1997,"122,903",9.367658575
China,Others,1998,"134,425",9.374872867
China,Others,1999,"149,681",11.349079412
China,Others,2000,"173,303",15.781562122
China,Others,2001,"194,174",12.043069076
China,Others,2002,"220,573",13.595538023
China,Others,2003,"226,570",2.718827780
China,Others,2004,"254,453",12.306571920
China,Others,2005,"256,739",0.898397739
China,Others,2006,"296,173",15.359567499
China,Others,2007,"318,924",7.681659030
China,Others,2008,"335,929",5.331991321
China,Others,2009,"342,413",1.930169768
China,Others,2010,"350,626",2.398565475
China,Others,2011,"394,855",12.614295574
China,Others,2012,"359,626",-8.922009345
China,Others,2013,"374,936",4.257200536
China,Others,2014,"386,252",3.018115092
China,Others,2015,"421,781",9.198398973
China,Others,2016,"476,524",12.979010434
China,Others,2017,"541,161",13.564269586
China,Others,2018,"584,833",8.070056785
China,Others,2019,"645,490",10.371678753
China,Others,2020,"170,466",-73.591225271
China,Others,2021,"34,552",-79.730855420
China,Others,2022,"120,090",247.563093309
China,Others,2023,"64,090",
China,Transit,1990,,
China,Transit,1991,,
China,Transit,1992,"23,835",
China,Transit,1993,"35,681",49.700020978
China,Transit,1994,"20,624",-42.198929402
China,Transit,1995,"35,457",71.921062839
China,Transit,1996,"36,507",2.961333446
China,Transit,1997,"35,493",-2.777549511
China,Transit,1998,"30,722",-13.442087172
China,Transit,1999,"40,899",33.126098561
China,Transit,2000,"55,786",36.399422969
China,Transit,2001,"50,783",-8.968199907
China,Transit,2002,"39,359",-22.495717071
China,Transit,2003,"30,044",-23.666759826
China,Transit,2004,"30,660",2.050326188
China,Transit,2005,"28,747",-6.239399870
China,Transit,2006,"25,993",-9.580130101
China,Transit,2007,,
China,Transit,2008,,
China,Transit,2009,,
China,Transit,2010,,
China,Transit,2011,,
China,Transit,2012,,
China,Transit,2013,,
China,Transit,2014,,
China,Transit,2015,,
China,Transit,2016,,
China,Transit,2017,,
China,Transit,2018,,
China,Transit,2019,,
China,Transit,2020,,
China,Transit,2021,,
China,Transit,2022,,
China,Transit,2023,,
China,Unknown,1990,"105,993",
China,Unknown,1991,"130,487",23.109073241
China,Unknown,1992,,
China,Unknown,1993,,
China,Unknown,1994,,
China,Unknown,1995,,
China,Unknown,1996,,
China,Unknown,1997,,
China,Unknown,1998,,
China,Unknown,1999,,
China,Unknown,2000,,
China,Unknown,2001,,
China,Unknown,2002,,
China,Unknown,2003,,
China,Unknown,2004,,
China,Unknown,2005,,
China,Unknown,2006,,
China,Unknown,2007,,
China,Unknown,2008,,
China,Unknown,2009,,
China,Unknown,2010,,
China,Unknown,2011,,
China,Unknown,2012,,
China,Unknown,2013,,
China,Unknown,2014,,
China,Unknown,2015,,
China,Unknown,2016,,
China,Unknown,2017,,
China,Unknown,2018,,
China,Unknown,2019,,
China,Unknown,2020,,
China,Unknown,2021,,
China,Unknown,2022,,
China,Unknown,2023,,
China,Business,1990,,
China,Business,1991,,
China,Business,1992,"48,563",
China,Business,1993,"58,232",19.910219715
China,Business,1994,"56,485",-3.000068691
China,Business,1995,"59,859",5.973267239
China,Business,1996,"63,351",5.833709217
China,Business,1997,"68,800",8.601284905
China,Business,1998,"66,417",-3.463662791
China,Business,1999,"67,204",1.184937591
China,Business,2000,"77,429",15.214868163
China,Business,2001,"74,309",-4.029497992
China,Business,2002,"91,189",22.715956344
China,Business,2003,"96,177",5.469957999
China,Business,2004,"141,204",46.816806513
China,Business,2005,"165,394",17.131242741
China,Business,2006,"192,484",16.379070583
China,Business,2007,"216,229",12.336090272
China,Business,2008,"208,759",-3.454670743
China,Business,2009,"181,976",-12.829626507
China,Business,2010,"230,597",26.718358465
China,Business,2011,"195,209",-15.346253420
China,Business,2012,"236,268",21.033353995
China,Business,2013,"234,764",-0.636565256
China,Business,2014,"269,334",14.725426386
China,Business,2015,"333,988",24.005138601
China,Business,2016,"361,915",8.361677665
China,Business,2017,"366,917",1.382092480
China,Business,2018,"369,028",0.575334476
China,Business,2019,"373,404",1.185817878
China,Business,2020,"33,634",-90.992597830
China,Business,2021,"3,836",-88.594874234
China,Business,2022,"26,183",582.559958290
China,Business,2023,"27,905",
Hong Kong,Tourism,1990,,
Hong Kong,Tourism,1991,,
Hong Kong,Tourism,1992,"136,040",
Hong Kong,Tourism,1993,"113,366",-16.667156719
Hong Kong,Tourism,1994,"109,391",-3.506342290
Hong Kong,Tourism,1995,"63,301",-42.133265077
Hong Kong,Tourism,1996,"133,700",111.213093000
Hong Kong,Tourism,1997,"227,909",70.462976814
Hong Kong,Tourism,1998,"318,827",39.892237691
Hong Kong,Tourism,1999,"215,463",-32.420089892
Hong Kong,Tourism,2000,"205,315",-4.709857377
Hong Kong,Tourism,2001,"226,862",10.494605850
Hong Kong,Tourism,2002,"255,294",12.532729148
Hong Kong,Tourism,2003,"228,073",-10.662608600
Hong Kong,Tourism,2004,"271,492",19.037325769
Hong Kong,Tourism,2005,"269,123",-0.872585564
Hong Kong,Tourism,2006,"322,413",19.801354771
Hong Kong,Tourism,2007,"399,681",23.965534888
Hong Kong,Tourism,2008,"513,185",28.398647922
Hong Kong,Tourism,2009,"418,169",-18.514960492
Hong Kong,Tourism,2010,"473,031",13.119576057
Hong Kong,Tourism,2011,"333,773",-29.439508193
Hong Kong,Tourism,2012,"447,486",34.068963038
Hong Kong,Tourism,2013,"708,997",58.440040582
Hong Kong,Tourism,2014,"886,308",25.008709487
Hong Kong,Tourism,2015,"1,480,564",67.048475248
Hong Kong,Tourism,2016,"1,793,358",21.126678752
Hong Kong,Tourism,2017,"2,180,760",21.602044879
Hong Kong,Tourism,2018,"2,156,354",-1.119151122
Hong Kong,Tourism,2019,"2,237,316",3.754578330
Hong Kong,Tourism,2020,"337,616",-84.909775821
Hong Kong,Tourism,2021,377,-99.888334676
Hong Kong,Tourism,2022,"256,631","67,971.883289125"
Hong Kong,Tourism,2023,"407,537",
Hong Kong,Others,1990,,
Hong Kong,Others,1991,,
Hong Kong,Others,1992,"5,684",
Hong Kong,Others,1993,"5,353",-5.823363828
Hong Kong,Others,1994,"4,536",-15.262469643
Hong Kong,Others,1995,"4,232",-6.701940035
Hong Kong,Others,1996,"4,053",-4.229678639
Hong Kong,Others,1997,"4,292",5.896866519
Hong Kong,Others,1998,"4,529",5.521901212
Hong Kong,Others,1999,"4,644",2.539191875
Hong Kong,Others,2000,"4,647",0.064599483
Hong Kong,Others,2001,"4,567",-1.721540779
Hong Kong,Others,2002,"4,628",1.335668929
Hong Kong,Others,2003,"4,008",-13.396715644
Hong Kong,Others,2004,"4,041",0.823353293
Hong Kong,Others,2005,"4,142",2.499381341
Hong Kong,Others,2006,"3,671",-11.371318204
Hong Kong,Others,2007,"3,616",-1.498229365
Hong Kong,Others,2008,"4,084",12.942477876
Hong Kong,Others,2009,"4,405",7.859941234
Hong Kong,Others,2010,"4,711",6.946651532
Hong Kong,Others,2011,"4,384",-6.941201443
Hong Kong,Others,2012,"4,067",-7.230839416
Hong Kong,Others,2013,"4,688",15.269240226
Hong Kong,Others,2014,"5,671",20.968430034
Hong Kong,Others,2015,"6,932",22.235937224
Hong Kong,Others,2016,"9,016",30.063473745
Hong Kong,Others,2017,"11,892",31.898846495
Hong Kong,Others,2018,"13,902",16.902119072
Hong Kong,Others,2019,"15,624",12.386706949
Hong Kong,Others,2020,"3,892",-75.089605735
Hong Kong,Others,2021,638,-83.607399794
Hong Kong,Others,2022,"5,617",780.407523511
Hong Kong,Others,2023,"4,430",
Hong Kong,Transit,1990,,
Hong Kong,Transit,1991,,
Hong Kong,Transit,1992,"7,385",
Hong Kong,Transit,1993,"7,878",6.675693974
Hong Kong,Transit,1994,"6,224",-20.995176441
Hong Kong,Transit,1995,"6,773",8.820694087
Hong Kong,Transit,1996,"6,238",-7.899010778
Hong Kong,Transit,1997,"5,466",-12.375761462
Hong Kong,Transit,1998,"6,208",13.574826198
Hong Kong,Transit,1999,"4,868",-21.585051546
Hong Kong,Transit,2000,"3,368",-30.813475760
Hong Kong,Transit,2001,"3,101",-7.927553444
Hong Kong,Transit,2002,"2,242",-27.700741696
Hong Kong,Transit,2003,"1,958",-12.667261374
Hong Kong,Transit,2004,508,-74.055158325
Hong Kong,Transit,2005,27,-94.685039370
Hong Kong,Transit,2006,15,-44.444444444
Hong Kong,Transit,2007,,
Hong Kong,Transit,2008,,
Hong Kong,Transit,2009,,
Hong Kong,Transit,2010,,
Hong Kong,Transit,2011,,
Hong Kong,Transit,2012,,
Hong Kong,Transit,2013,,
Hong Kong,Transit,2014,,
Hong Kong,Transit,2015,,
Hong Kong,Transit,2016,,
Hong Kong,Transit,2017,,
Hong Kong,Transit,2018,,
Hong Kong,Transit,2019,,
Hong Kong,Transit,2020,,
Hong Kong,Transit,2021,,
Hong Kong,Transit,2022,,
Hong Kong,Transit,2023,,
Hong Kong,Unknown,1990,"152,563",
Hong Kong,Unknown,1991,"155,092",1.657675845
Hong Kong,Unknown,1992,,
Hong Kong,Unknown,1993,,
Hong Kong,Unknown,1994,,
Hong Kong,Unknown,1995,,
Hong Kong,Unknown,1996,,
Hong Kong,Unknown,1997,,
Hong Kong,Unknown,1998,,
Hong Kong,Unknown,1999,,
Hong Kong,Unknown,2000,,
Hong Kong,Unknown,2001,,
Hong Kong,Unknown,2002,,
Hong Kong,Unknown,2003,,
Hong Kong,Unknown,2004,,
Hong Kong,Unknown,2005,,
Hong Kong,Unknown,2006,,
Hong Kong,Unknown,2007,,
Hong Kong,Unknown,2008,,
Hong Kong,Unknown,2009,,
Hong Kong,Unknown,2010,,
Hong Kong,Unknown,2011,,
Hong Kong,Unknown,2012,,
Hong Kong,Unknown,2013,,
Hong Kong,Unknown,2014,,
Hong Kong,Unknown,2015,,
Hong Kong,Unknown,2016,,
Hong Kong,Unknown,2017,,
Hong Kong,Unknown,2018,,
Hong Kong,Unknown,2019,,
Hong Kong,Unknown,2020,,
Hong Kong,Unknown,2021,,
Hong Kong,Unknown,2022,,
Hong Kong,Unknown,2023,,
Hong Kong,Business,1990,,
Hong Kong,Business,1991,,
Hong Kong,Business,1992,"28,563",
Hong Kong,Business,1993,"25,855",-9.480796835
Hong Kong,Business,1994,"25,098",-2.927866950
Hong Kong,Business,1995,"23,559",-6.131962706
Hong Kong,Business,1996,"26,143",10.968207479
Hong Kong,Business,1997,"28,078",7.401598898
Hong Kong,Business,1998,"27,297",-2.781537147
Hong Kong,Business,1999,"27,895",2.190716929
Hong Kong,Business,2000,"29,819",6.897293422
Hong Kong,Business,2001,"27,699",-7.109561018
Hong Kong,Business,2002,"28,460",2.747391603
Hong Kong,Business,2003,"26,175",-8.028812368
Hong Kong,Business,2004,"24,205",-7.526265521
Hong Kong,Business,2005,"25,518",5.424499070
Hong Kong,Business,2006,"26,166",2.539383964
Hong Kong,Business,2007,"28,745",9.856302071
Hong Kong,Business,2008,"32,921",14.527743955
Hong Kong,Business,2009,"26,994",-18.003705841
Hong Kong,Business,2010,"30,949",14.651404016
Hong Kong,Business,2011,"26,708",-13.703189118
Hong Kong,Business,2012,"30,112",12.745244870
Hong Kong,Business,2013,"32,196",6.920828905
Hong Kong,Business,2014,"33,996",5.590756616
Hong Kong,Business,2015,"36,796",8.236263090
Hong Kong,Business,2016,"36,819",0.062506794
Hong Kong,Business,2017,"38,916",5.695428990
Hong Kong,Business,2018,"37,548",-3.515263645
Hong Kong,Business,2019,"37,852",0.809630340
Hong Kong,Business,2020,"4,512",-88.079890098
Hong Kong,Business,2021,237,-94.747340426
Hong Kong,Business,2022,"7,037","2,869.198312236"
Hong Kong,Business,2023,"4,258",
South Korea,Tourism,1990,,
South Korea,Tourism,1991,,
South Korea,Tourism,1992,"502,871",
South Korea,Tourism,1993,"473,318",-5.876855098
South Korea,Tourism,1994,"511,753",8.120333476
South Korea,Tourism,1995,"459,166",-10.275855735
South Korea,Tourism,1996,"565,034",23.056585200
South Korea,Tourism,1997,"587,299",3.940470839
South Korea,Tourism,1998,"380,279",-35.249506640
South Korea,Tourism,1999,"516,053",35.703785905
South Korea,Tourism,2000,"603,697",16.983526886
South Korea,Tourism,2001,"653,370",8.228134312
South Korea,Tourism,2002,"756,991",15.859467071
South Korea,Tourism,2003,"917,590",21.215443777
South Korea,Tourism,2004,"1,037,483",13.066075262
South Korea,Tourism,2005,"1,215,766",17.184185187
South Korea,Tourism,2006,"1,614,745",32.817088157
South Korea,Tourism,2007,"2,084,195",29.072701882
South Korea,Tourism,2008,"1,892,654",-9.190166947
South Korea,Tourism,2009,"1,153,935",-39.030852972
South Korea,Tourism,2010,"1,963,002",70.113741242
South Korea,Tourism,2011,"1,199,020",-38.919063761
South Korea,Tourism,2012,"1,569,278",30.880052043
South Korea,Tourism,2013,"1,974,117",25.797787263
South Korea,Tourism,2014,"2,285,069",15.751447356
South Korea,Tourism,2015,"3,519,608",54.026333559
South Korea,Tourism,2016,"4,593,527",30.512460479
South Korea,Tourism,2017,"6,593,328",43.535196375
South Korea,Tourism,2018,"6,977,812",5.831410177
South Korea,Tourism,2019,"5,036,943",-27.814865176
South Korea,Tourism,2020,"391,046",-92.236441826
South Korea,Tourism,2021,"2,089",-99.465791748
South Korea,Tourism,2022,"858,828","41,011.919578746"
South Korea,Tourism,2023,"1,524,328",
South Korea,Others,1990,,
South Korea,Others,1991,,
South Korea,Others,1992,"81,329",
South Korea,Others,1993,"82,864",1.887395640
South Korea,Others,1994,"82,375",-0.590123576
South Korea,Others,1995,"84,357",2.406069803
South Korea,Others,1996,"83,241",-1.322948896
South Korea,Others,1997,"83,311",0.084093175
South Korea,Others,1998,"77,967",-6.414519091
South Korea,Others,1999,"86,278",10.659638052
South Korea,Others,2000,"93,421",8.279051438
South Korea,Others,2001,"99,916",6.952398283
South Korea,Others,2002,"107,744",7.834581048
South Korea,Others,2003,"106,310",-1.330932581
South Korea,Others,2004,"110,770",4.195277961
South Korea,Others,2005,"129,056",16.508079805
South Korea,Others,2006,"126,010",-2.360215720
South Korea,Others,2007,"135,773",7.747797794
South Korea,Others,2008,"142,261",4.778564221
South Korea,Others,2009,"141,198",-0.747218141
South Korea,Others,2010,"142,222",0.725222737
South Korea,Others,2011,"152,296",7.083292318
South Korea,Others,2012,"141,365",-7.177470190
South Korea,Others,2013,"148,022",4.709086408
South Korea,Others,2014,"144,169",-2.602991447
South Korea,Others,2015,"145,757",1.101485063
South Korea,Others,2016,"162,580",11.541812743
South Korea,Others,2017,"180,820",11.219092139
South Korea,Others,2018,"204,141",12.897356487
South Korea,Others,2019,"235,055",15.143454769
South Korea,Others,2020,"57,258",-75.640594754
South Korea,Others,2021,"14,617",-74.471689546
South Korea,Others,2022,"75,344",415.454607649
South Korea,Others,2023,"37,667",
South Korea,Transit,1990,,
South Korea,Transit,1991,,
South Korea,Transit,1992,"13,529",
South Korea,Transit,1993,"14,486",7.073693547
South Korea,Transit,1994,"15,827",9.257213862
South Korea,Transit,1995,"16,073",1.554305933
South Korea,Transit,1996,"22,753",41.560380763
South Korea,Transit,1997,"19,656",-13.611391904
South Korea,Transit,1998,"15,486",-21.214896215
South Korea,Transit,1999,"35,356",128.309440785
South Korea,Transit,2000,"33,258",-5.933929178
South Korea,Transit,2001,"42,203",26.895784473
South Korea,Transit,2002,"52,477",24.344240931
South Korea,Transit,2003,"67,770",29.142290908
South Korea,Transit,2004,"65,777",-2.940829275
South Korea,Transit,2005,"15,069",-77.090776411
South Korea,Transit,2006,66,-99.562014732
South Korea,Transit,2007,,
South Korea,Transit,2008,,
South Korea,Transit,2009,,
South Korea,Transit,2010,,
South Korea,Transit,2011,,
South Korea,Transit,2012,,
South Korea,Transit,2013,,
South Korea,Transit,2014,,
South Korea,Transit,2015,,
South Korea,Transit,2016,,
South Korea,Transit,2017,,
South Korea,Transit,2018,,
South Korea,Transit,2019,,
South Korea,Transit,2020,,
South Korea,Transit,2021,,
South Korea,Transit,2022,,
South Korea,Transit,2023,,
South Korea,Unknown,1990,"740,441",
South Korea,Unknown,1991,"861,820",16.392798346
South Korea,Unknown,1992,,
South Korea,Unknown,1993,,
South Korea,Unknown,1994,,
South Korea,Unknown,1995,,
South Korea,Unknown,1996,,
South Korea,Unknown,1997,,
South Korea,Unknown,1998,,
South Korea,Unknown,1999,,
South Korea,Unknown,2000,,
South Korea,Unknown,2001,,
South Korea,Unknown,2002,,
South Korea,Unknown,2003,,
South Korea,Unknown,2004,,
South Korea,Unknown,2005,,
South Korea,Unknown,2006,,
South Korea,Unknown,2007,,
South Korea,Unknown,2008,,
South Korea,Unknown,2009,,
South Korea,Unknown,2010,,
South Korea,Unknown,2011,,
South Korea,Unknown,2012,,
South Korea,Unknown,2013,,
South Korea,Unknown,2014,,
South Korea,Unknown,2015,,
South Korea,Unknown,2016,,
South Korea,Unknown,2017,,
South Korea,Unknown,2018,,
South Korea,Unknown,2019,,
South Korea,Unknown,2020,,
South Korea,Unknown,2021,,
South Korea,Unknown,2022,,
South Korea,Unknown,2023,,
South Korea,Business,1990,,
South Korea,Business,1991,,
South Korea,Business,1992,"266,323",
South Korea,Business,1993,"274,755",3.166080286
South Korea,Business,1994,"308,504",12.283306946
South Korea,Business,1995,"314,039",1.794142053
South Korea,Business,1996,"323,334",2.959823461
South Korea,Business,1997,"320,305",-0.936802192
South Korea,Business,1998,"250,713",-21.726791652
South Korea,Business,1999,"304,987",21.647860302
South Korea,Business,2000,"334,014",9.517454842
South Korea,Business,2001,"338,482",1.337668481
South Korea,Business,2002,"354,623",4.768643532
South Korea,Business,2003,"367,663",3.677144460
South Korea,Business,2004,"374,442",1.843808052
South Korea,Business,2005,"387,280",3.428568376
South Korea,Business,2006,"376,504",-2.782482958
South Korea,Business,2007,"380,726",1.121369228
South Korea,Business,2008,"347,482",-8.731738836
South Korea,Business,2009,"291,639",-16.070760500
South Korea,Business,2010,"334,592",14.728139926
South Korea,Business,2011,"306,757",-8.319087127
South Korea,Business,2012,"332,132",8.272019872
South Korea,Business,2013,"334,026",0.570255200
South Korea,Business,2014,"326,075",-2.380353625
South Korea,Business,2015,"336,730",3.267653147
South Korea,Business,2016,"334,195",-0.752828676
South Korea,Business,2017,"366,290",9.603674501
South Korea,Business,2018,"356,999",-2.536514783
South Korea,Business,2019,"312,599",-12.437009627
South Korea,Business,2020,"39,635",-87.320816765
South Korea,Business,2021,"2,241",-94.345906396
South Korea,Business,2022,"78,579","3,406.425702811"
South Korea,Business,2023,"38,688",
Taiwan,Tourism,1990,,
Taiwan,Tourism,1991,,
Taiwan,Tourism,1992,"622,707",
Taiwan,Tourism,1993,"581,958",-6.543848070
Taiwan,Tourism,1994,"562,053",-3.420349922
Taiwan,Tourism,1995,"490,080",-12.805376005
Taiwan,Tourism,1996,"628,192",28.181521384
Taiwan,Tourism,1997,"725,785",15.535536906
Taiwan,Tourism,1998,"744,089",2.521958982
Taiwan,Tourism,1999,"829,969",11.541630101
Taiwan,Tourism,2000,"807,261",-2.736005803
Taiwan,Tourism,2001,"708,065",-12.287971300
Taiwan,Tourism,2002,"769,074",8.616299351
Taiwan,Tourism,2003,"681,490",-11.388240924
Taiwan,Tourism,2004,"962,168",41.185930828
Taiwan,Tourism,2005,"1,160,402",20.602846904
Taiwan,Tourism,2006,"1,184,183",2.049375992
Taiwan,Tourism,2007,"1,255,642",6.034455823
Taiwan,Tourism,2008,"1,264,425",0.699482814
Taiwan,Tourism,2009,"912,982",-27.794689286
Taiwan,Tourism,2010,"1,139,339",24.793150358
Taiwan,Tourism,2011,"868,010",-23.814597762
Taiwan,Tourism,2012,"1,329,331",53.146968353
Taiwan,Tourism,2013,"2,067,269",55.511983095
Taiwan,Tourism,2014,"2,674,425",29.369956208
Taiwan,Tourism,2015,"3,505,149",31.061779635
Taiwan,Tourism,2016,"3,981,559",13.591718926
Taiwan,Tourism,2017,"4,363,276",9.587124039
Taiwan,Tourism,2018,"4,544,086",4.143904717
Taiwan,Tourism,2019,"4,671,658",2.807429261
Taiwan,Tourism,2020,"648,464",-86.119189376
Taiwan,Tourism,2021,590,-99.909015766
Taiwan,Tourism,2022,"286,295","48,424.576271186"
Taiwan,Tourism,2023,"756,063",
Taiwan,Others,1990,,
Taiwan,Others,1991,,
Taiwan,Others,1992,"32,633",
Taiwan,Others,1993,"31,779",-2.616982809
Taiwan,Others,1994,"30,122",-5.214135121
Taiwan,Others,1995,"29,941",-0.600889715
Taiwan,Others,1996,"27,642",-7.678434254
Taiwan,Others,1997,"26,617",-3.708125317
Taiwan,Others,1998,"25,575",-3.914791299
Taiwan,Others,1999,"24,886",-2.694037146
Taiwan,Others,2000,"24,670",-0.867957888
Taiwan,Others,2001,"23,728",-3.818402919
Taiwan,Others,2002,"23,884",0.657451113
Taiwan,Others,2003,"21,978",-7.980237816
Taiwan,Others,2004,"24,461",11.297661298
Taiwan,Others,2005,"25,424",3.936879114
Taiwan,Others,2006,"26,476",4.137822530
Taiwan,Others,2007,"28,063",5.994107871
Taiwan,Others,2008,"30,380",8.256423048
Taiwan,Others,2009,"31,276",2.949308756
Taiwan,Others,2010,"33,780",8.006138892
Taiwan,Others,2011,"35,252",4.357608052
Taiwan,Others,2012,"34,264",-2.802677862
Taiwan,Others,2013,"37,907",10.632150362
Taiwan,Others,2014,"43,581",14.968211676
Taiwan,Others,2015,"53,230",22.140382277
Taiwan,Others,2016,"67,199",26.242720271
Taiwan,Others,2017,"75,628",12.543341419
Taiwan,Others,2018,"86,243",14.035806844
Taiwan,Others,2019,"96,222",11.570794151
Taiwan,Others,2020,"30,823",-67.966785143
Taiwan,Others,2021,"3,836",-87.554748078
Taiwan,Others,2022,"21,162",451.668404588
Taiwan,Others,2023,"16,439",
Taiwan,Transit,1990,,
Taiwan,Transit,1991,,
Taiwan,Transit,1992,63,
Taiwan,Transit,1993,76,20.634920635
Taiwan,Transit,1994,108,42.105263158
Taiwan,Transit,1995,141,30.555555556
Taiwan,Transit,1996,17,-87.943262411
Taiwan,Transit,1997,3,-82.352941176
Taiwan,Transit,1998,"5,333","177,666.666666667"
Taiwan,Transit,1999,"6,565",23.101443840
Taiwan,Transit,2000,"7,575",15.384615385
Taiwan,Transit,2001,"6,720",-11.287128713
Taiwan,Transit,2002,"6,283",-6.502976190
Taiwan,Transit,2003,"3,890",-38.086901162
Taiwan,Transit,2004,"5,013",28.868894602
Taiwan,Transit,2005,819,-83.662477558
Taiwan,Transit,2006,45,-94.505494505
Taiwan,Transit,2007,,
Taiwan,Transit,2008,,
Taiwan,Transit,2009,,
Taiwan,Transit,2010,,
Taiwan,Transit,2011,,
Taiwan,Transit,2012,,
Taiwan,Transit,2013,,
Taiwan,Transit,2014,,
Taiwan,Transit,2015,,
Taiwan,Transit,2016,,
Taiwan,Transit,2017,,
Taiwan,Transit,2018,,
Taiwan,Transit,2019,,
Taiwan,Transit,2020,,
Taiwan,Transit,2021,,
Taiwan,Transit,2022,,
Taiwan,Transit,2023,,
Taiwan,Unknown,1990,"607,721",
Taiwan,Unknown,1991,"658,106",8.290811079
Taiwan,Unknown,1992,,
Taiwan,Unknown,1993,,
Taiwan,Unknown,1994,,
Taiwan,Unknown,1995,,
Taiwan,Unknown,1996,,
Taiwan,Unknown,1997,,
Taiwan,Unknown,1998,,
Taiwan,Unknown,1999,,
Taiwan,Unknown,2000,,
Taiwan,Unknown,2001,,
Taiwan,Unknown,2002,,
Taiwan,Unknown,2003,,
Taiwan,Unknown,2004,,
Taiwan,Unknown,2005,,
Taiwan,Unknown,2006,,
Taiwan,Unknown,2007,,
Taiwan,Unknown,2008,,
Taiwan,Unknown,2009,,
Taiwan,Unknown,2010,,
Taiwan,Unknown,2011,,
Taiwan,Unknown,2012,,
Taiwan,Unknown,2013,,
Taiwan,Unknown,2014,,
Taiwan,Unknown,2015,,
Taiwan,Unknown,2016,,
Taiwan,Unknown,2017,,
Taiwan,Unknown,2018,,
Taiwan,Unknown,2019,,
Taiwan,Unknown,2020,,
Taiwan,Unknown,2021,,
Taiwan,Unknown,2022,,
Taiwan,Unknown,2023,,
Taiwan,Business,1990,,
Taiwan,Business,1991,,
Taiwan,Business,1992,"60,084",
Taiwan,Business,1993,"54,768",-8.847613341
Taiwan,Business,1994,"55,125",0.651840491
Taiwan,Business,1995,"58,489",6.102494331
Taiwan,Business,1996,"64,446",10.184821077
Taiwan,Business,1997,"67,829",5.249356050
Taiwan,Business,1998,"68,091",0.386265462
Taiwan,Business,1999,"69,991",2.790383457
Taiwan,Business,2000,"73,308",4.739180752
Taiwan,Business,2001,"68,689",-6.300813008
Taiwan,Business,2002,"78,468",14.236631775
Taiwan,Business,2003,"78,021",-0.569658969
Taiwan,Business,2004,"88,948",14.005203727
Taiwan,Business,2005,"87,967",-1.102891577
Taiwan,Business,2006,"98,417",11.879454796
Taiwan,Business,2007,"101,550",3.183393113
Taiwan,Business,2008,"95,423",-6.033481044
Taiwan,Business,2009,"80,034",-16.127139159
Taiwan,Business,2010,"95,159",18.898218257
Taiwan,Business,2011,"90,712",-4.673231118
Taiwan,Business,2012,"102,158",12.617955728
Taiwan,Business,2013,"105,645",3.413340120
Taiwan,Business,2014,"111,815",5.840314260
Taiwan,Business,2015,"118,696",6.153914949
Taiwan,Business,2016,"118,754",0.048864326
Taiwan,Business,2017,"125,149",5.385081766
Taiwan,Business,2018,"126,929",1.422304613
Taiwan,Business,2019,"122,722",-3.314451386
Taiwan,Business,2020,"15,189",-87.623246036
Taiwan,Business,2021,590,-96.115609981
Taiwan,Business,2022,"23,640","3,906.779661017"
Taiwan,Business,2023,"14,233",
United Kingdom,Tourism,1990,,
United Kingdom,Tourism,1991,,
United Kingdom,Tourism,1992,"35,920",
United Kingdom,Tourism,1993,"39,236",9.231625835
United Kingdom,Tourism,1994,"45,668",16.393108370
United Kingdom,Tourism,1995,"49,323",8.003415959
United Kingdom,Tourism,1996,"57,614",16.809602011
United Kingdom,Tourism,1997,"75,012",30.197521436
United Kingdom,Tourism,1998,"88,734",18.293073108
United Kingdom,Tourism,1999,"88,513",-0.249058985
United Kingdom,Tourism,2000,"91,598",3.485363732
United Kingdom,Tourism,2001,"101,122",10.397606935
United Kingdom,Tourism,2002,"124,244",22.865449655
United Kingdom,Tourism,2003,"110,510",-11.054054924
United Kingdom,Tourism,2004,"122,947",11.254185142
United Kingdom,Tourism,2005,"123,618",0.545763622
United Kingdom,Tourism,2006,"121,566",-1.659952434
United Kingdom,Tourism,2007,"128,589",5.777108731
United Kingdom,Tourism,2008,"123,957",-3.602174370
United Kingdom,Tourism,2009,"112,958",-8.873238300
United Kingdom,Tourism,2010,"110,995",-1.737814055
United Kingdom,Tourism,2011,"72,267",-34.891661787
United Kingdom,Tourism,2012,"98,878",36.823169635
United Kingdom,Tourism,2013,"116,750",18.074799248
United Kingdom,Tourism,2014,"145,047",24.237259101
United Kingdom,Tourism,2015,"182,213",25.623418616
United Kingdom,Tourism,2016,"216,764",18.961874290
United Kingdom,Tourism,2017,"234,285",8.082984259
United Kingdom,Tourism,2018,"257,391",9.862347141
United Kingdom,Tourism,2019,"343,122",33.307691411
United Kingdom,Tourism,2020,"37,778",-88.989921952
United Kingdom,Tourism,2021,"4,538",-87.987717719
United Kingdom,Tourism,2022,"30,530",572.763331864
United Kingdom,Tourism,2023,"54,246",
United Kingdom,Others,1990,,
United Kingdom,Others,1991,,
United Kingdom,Others,1992,"15,336",
United Kingdom,Others,1993,"15,429",0.606416275
United Kingdom,Others,1994,"17,185",11.381165338
United Kingdom,Others,1995,"17,342",0.913587431
United Kingdom,Others,1996,"17,640",1.718371583
United Kingdom,Others,1997,"19,094",8.242630385
United Kingdom,Others,1998,"20,788",8.871896931
United Kingdom,Others,1999,"22,043",6.037136810
United Kingdom,Others,2000,"23,633",7.213174250
United Kingdom,Others,2001,"24,098",1.967587695
United Kingdom,Others,2002,"24,271",0.717901901
United Kingdom,Others,2003,"23,466",-3.316715422
United Kingdom,Others,2004,"24,438",4.142163130
United Kingdom,Others,2005,"26,226",7.316474343
United Kingdom,Others,2006,"22,748",-13.261648746
United Kingdom,Others,2007,"21,966",-3.437664850
United Kingdom,Others,2008,"20,376",-7.238459437
United Kingdom,Others,2009,"18,529",-9.064585787
United Kingdom,Others,2010,"18,335",-1.047007394
United Kingdom,Others,2011,"17,796",-2.939732752
United Kingdom,Others,2012,"17,397",-2.242076871
United Kingdom,Others,2013,"18,340",5.420474795
United Kingdom,Others,2014,"18,011",-1.793893130
United Kingdom,Others,2015,"19,279",7.040142135
United Kingdom,Others,2016,"19,711",2.240780123
United Kingdom,Others,2017,"20,890",5.981431688
United Kingdom,Others,2018,"22,261",6.562948779
United Kingdom,Others,2019,"23,682",6.383361035
United Kingdom,Others,2020,"5,998",-74.672747234
United Kingdom,Others,2021,"2,224",-62.920973658
United Kingdom,Others,2022,"11,512",417.625899281
United Kingdom,Others,2023,"3,955",
United Kingdom,Transit,1990,,
United Kingdom,Transit,1991,,
United Kingdom,Transit,1992,118,
United Kingdom,Transit,1993,291,146.610169492
United Kingdom,Transit,1994,83,-71.477663230
United Kingdom,Transit,1995,8,-90.361445783
United Kingdom,Transit,1996,16,100
United Kingdom,Transit,1997,3,-81.25
United Kingdom,Transit,1998,3,0
United Kingdom,Transit,1999,3,0
United Kingdom,Transit,2000,0,-100
United Kingdom,Transit,2001,2,
United Kingdom,Transit,2002,1,-50
United Kingdom,Transit,2003,10,900
United Kingdom,Transit,2004,3,-70
United Kingdom,Transit,2005,1,-66.666666667
United Kingdom,Transit,2006,0,-100
United Kingdom,Transit,2007,,
United Kingdom,Transit,2008,,
United Kingdom,Transit,2009,,
United Kingdom,Transit,2010,,
United Kingdom,Transit,2011,,
United Kingdom,Transit,2012,,
United Kingdom,Transit,2013,,
United Kingdom,Transit,2014,,
United Kingdom,Transit,2015,,
United Kingdom,Transit,2016,,
United Kingdom,Transit,2017,,
United Kingdom,Transit,2018,,
United Kingdom,Transit,2019,,
United Kingdom,Transit,2020,,
United Kingdom,Transit,2021,,
United Kingdom,Transit,2022,,
United Kingdom,Transit,2023,,
United Kingdom,Unknown,1990,"101,927",
United Kingdom,Unknown,1991,"102,859",0.914379899
United Kingdom,Unknown,1992,,
United Kingdom,Unknown,1993,,
United Kingdom,Unknown,1994,,
United Kingdom,Unknown,1995,,
United Kingdom,Unknown,1996,,
United Kingdom,Unknown,1997,,
United Kingdom,Unknown,1998,,
United Kingdom,Unknown,1999,,
United Kingdom,Unknown,2000,,
United Kingdom,Unknown,2001,,
United Kingdom,Unknown,2002,,
United Kingdom,Unknown,2003,,
United Kingdom,Unknown,2004,,
United Kingdom,Unknown,2005,,
United Kingdom,Unknown,2006,,
United Kingdom,Unknown,2007,,
United Kingdom,Unknown,2008,,
United Kingdom,Unknown,2009,,
United Kingdom,Unknown,2010,,
United Kingdom,Unknown,2011,,
United Kingdom,Unknown,2012,,
United Kingdom,Unknown,2013,,
United Kingdom,Unknown,2014,,
United Kingdom,Unknown,2015,,
United Kingdom,Unknown,2016,,
United Kingdom,Unknown,2017,,
United Kingdom,Unknown,2018,,
United Kingdom,Unknown,2019,,
United Kingdom,Unknown,2020,,
United Kingdom,Unknown,2021,,
United Kingdom,Unknown,2022,,
United Kingdom,Unknown,2023,,
United Kingdom,Business,1990,,
United Kingdom,Business,1991,,
United Kingdom,Business,1992,"53,021",
United Kingdom,Business,1993,"52,532",-0.922276079
United Kingdom,Business,1994,"56,925",8.362521891
United Kingdom,Business,1995,"60,294",5.918313570
United Kingdom,Business,1996,"65,842",9.201578930
United Kingdom,Business,1997,"71,337",8.345736764
United Kingdom,Business,1998,"72,008",0.940605857
United Kingdom,Business,1999,"72,335",0.454116209
United Kingdom,Business,2000,"77,699",7.415497339
United Kingdom,Business,2001,"72,743",-6.378460469
United Kingdom,Business,2002,"70,755",-2.732909008
United Kingdom,Business,2003,"66,557",-5.933149601
United Kingdom,Business,2004,"68,316",2.642847484
United Kingdom,Business,2005,"71,690",4.938813748
United Kingdom,Business,2006,"72,162",0.658390292
United Kingdom,Business,2007,"71,390",-1.069815138
United Kingdom,Business,2008,"62,231",-12.829527945
United Kingdom,Business,2009,"49,973",-19.697578377
United Kingdom,Business,2010,"54,715",9.489124127
United Kingdom,Business,2011,"50,036",-8.551585488
United Kingdom,Business,2012,"57,719",15.354944440
United Kingdom,Business,2013,"56,708",-1.751589598
United Kingdom,Business,2014,"57,002",0.518445369
United Kingdom,Business,2015,"56,996",-0.010525946
United Kingdom,Business,2016,"55,983",-1.777317707
United Kingdom,Business,2017,"55,324",-1.177143061
United Kingdom,Business,2018,"54,327",-1.802111199
United Kingdom,Business,2019,"57,475",5.794540468
United Kingdom,Business,2020,"7,248",-87.389299696
United Kingdom,Business,2021,532,-92.660044150
United Kingdom,Business,2022,"15,454","2,804.887218045"
United Kingdom,Business,2023,"7,277",
United States,Tourism,1990,,
United States,Tourism,1991,,
United States,Tourism,1992,"298,049",
United States,Tourism,1993,"272,348",-8.623078756
United States,Tourism,1994,"258,131",-5.220159502
United States,Tourism,1995,"254,472",-1.417497317
United States,Tourism,1996,"277,802",9.168002767
United States,Tourism,1997,"283,729",2.133533956
United States,Tourism,1998,"328,781",15.878531979
United States,Tourism,1999,"356,881",8.546722590
United States,Tourism,2000,"370,054",3.691146349
United States,Tourism,2001,"377,109",1.906478514
United States,Tourism,2002,"412,845",9.476305259
United States,Tourism,2003,"350,674",-15.059162640
United States,Tourism,2004,"445,840",27.138025631
United States,Tourism,2005,"487,887",9.430961780
United States,Tourism,2006,"490,472",0.529835802
United States,Tourism,2007,"491,553",0.220399941
United States,Tourism,2008,"474,137",-3.543056395
United States,Tourism,2009,"451,267",-4.823500381
United States,Tourism,2010,"457,247",1.325157833
United States,Tourism,2011,"318,323",-30.382703440
United States,Tourism,2012,"444,622",39.676366458
United States,Tourism,2013,"526,768",18.475469050
United States,Tourism,2014,"611,075",16.004578866
United States,Tourism,2015,"749,393",22.635192080
United States,Tourism,2016,"962,467",28.432878343
United States,Tourism,2017,"1,087,086",12.947872498
United States,Tourism,2018,"1,232,970",13.419729442
United States,Tourism,2019,"1,429,036",15.901927865
United States,Tourism,2020,"169,525",-88.137107813
United States,Tourism,2021,"7,993",-95.285061200
United States,Tourism,2022,"229,137","2,766.720880771"
United States,Tourism,2023,"335,093",
United States,Others,1990,,
United States,Others,1991,,
United States,Others,1992,"62,890",
United States,Others,1993,"63,843",1.515344252
United States,Others,1994,"65,815",3.088827279
United States,Others,1995,"65,948",0.202081592
United States,Others,1996,"67,648",2.577788561
United States,Others,1997,"67,994",0.511471145
United States,Others,1998,"69,365",2.016354384
United States,Others,1999,"67,279",-3.007280329
United States,Others,2000,"66,292",-1.467025372
United States,Others,2001,"63,990",-3.472515537
United States,Others,2002,"66,355",3.695889983
United States,Others,2003,"63,088",-4.923517444
United States,Others,2004,"66,633",5.619135176
United States,Others,2005,"74,567",11.907013042
United States,Others,2006,"65,823",-11.726366892
United States,Others,2007,"66,244",0.639594063
United States,Others,2008,"65,897",-0.523821025
United States,Others,2009,"63,774",-3.221694463
United States,Others,2010,"61,755",-3.165866968
United States,Others,2011,"58,969",-4.511375597
United States,Others,2012,"56,490",-4.203903746
United States,Others,2013,"58,436",3.444857497
United States,Others,2014,"61,353",4.991785885
United States,Others,2015,"63,843",4.058481248
United States,Others,2016,"67,102",5.104709992
United States,Others,2017,"69,506",3.582605586
United States,Others,2018,"73,510",5.760653757
United States,Others,2019,"78,433",6.697048021
United States,Others,2020,"20,925",-73.321178586
United States,Others,2021,"10,739",-48.678614098
United States,Others,2022,"36,040",235.599217804
United States,Others,2023,"15,357",
United States,Transit,1990,,
United States,Transit,1991,,
United States,Transit,1992,322,
United States,Transit,1993,60,-81.366459627
United States,Transit,1994,268,346.666666667
United States,Transit,1995,17,-93.656716418
United States,Transit,1996,36,111.764705882
United States,Transit,1997,41,13.888888889
United States,Transit,1998,5,-87.804878049
United States,Transit,1999,18,260
United States,Transit,2000,112,522.222222222
United States,Transit,2001,5,-95.535714286
United States,Transit,2002,0,-100
United States,Transit,2003,4,
United States,Transit,2004,4,0
United States,Transit,2005,8,100
United States,Transit,2006,2,-75
United States,Transit,2007,,
United States,Transit,2008,,
United States,Transit,2009,,
United States,Transit,2010,,
United States,Transit,2011,,
United States,Transit,2012,,
United States,Transit,2013,,
United States,Transit,2014,,
United States,Transit,2015,,
United States,Transit,2016,,
United States,Transit,2017,,
United States,Transit,2018,,
United States,Transit,2019,,
United States,Transit,2020,,
United States,Transit,2021,,
United States,Transit,2022,,
United States,Transit,2023,,
United States,Unknown,1990,"554,753",
United States,Unknown,1991,"543,075",-2.105081000
United States,Unknown,1992,,
United States,Unknown,1993,,
United States,Unknown,1994,,
United States,Unknown,1995,,
United States,Unknown,1996,,
United States,Unknown,1997,,
United States,Unknown,1998,,
United States,Unknown,1999,,
United States,Unknown,2000,,
United States,Unknown,2001,,
United States,Unknown,2002,,
United States,Unknown,2003,,
United States,Unknown,2004,,
United States,Unknown,2005,,
United States,Unknown,2006,,
United States,Unknown,2007,,
United States,Unknown,2008,,
United States,Unknown,2009,,
United States,Unknown,2010,,
United States,Unknown,2011,,
United States,Unknown,2012,,
United States,Unknown,2013,,
United States,Unknown,2014,,
United States,Unknown,2015,,
United States,Unknown,2016,,
United States,Unknown,2017,,
United States,Unknown,2018,,
United States,Unknown,2019,,
United States,Unknown,2020,,
United States,Unknown,2021,,
United States,Unknown,2022,,
United States,Unknown,2023,,
United States,Business,1990,,
United States,Business,1991,,
United States,Business,1992,"199,679",
United States,Business,1993,"197,150",-1.266532785
United States,Business,1994,"207,138",5.066193254
United States,Business,1995,"219,462",5.949656751
United States,Business,1996,"241,350",9.973480603
United States,Business,1997,"269,973",11.859540087
United States,Business,1998,"268,549",-0.527460153
United States,Business,1999,"273,452",1.825737575
United States,Business,2000,"289,496",5.867208870
United States,Business,2001,"251,088",-13.267195402
United States,Business,2002,"252,700",0.642005990
United States,Business,2003,"242,055",-4.212504947
United States,Business,2004,"247,276",2.156947801
United States,Business,2005,"259,571",4.972176839
United States,Business,2006,"260,430",0.330930651
United States,Business,2007,"258,085",-0.900433898
United States,Business,2008,"228,311",-11.536509290
United States,Business,2009,"184,878",-19.023612529
United States,Business,2010,"208,232",12.632114151
United States,Business,2011,"188,595",-9.430346921
United States,Business,2012,"215,597",14.317452743
United States,Business,2013,"214,076",-0.705482915
United States,Business,2014,"219,240",2.412227433
United States,Business,2015,"220,022",0.356686736
United States,Business,2016,"213,150",-3.123324031
United States,Business,2017,"218,372",2.449917898
United States,Business,2018,"219,927",0.712087630
United States,Business,2019,"216,392",-1.607351530
United States,Business,2020,"28,857",-86.664479278
United States,Business,2021,"1,294",-95.515819385
United States,Business,2022,"58,336","4,408.191653787"
United States,Business,2023,"27,651",
